page,date_phase2,status,note
book-001/001,2026-05-11,already_done,"Existing italic-bracket annotation identifies the Browning poem (1845), section, and minor textual variations"
book-001/005,2026-05-11,already_done,"Existing annotation already supplies the Charleston-vs-Philadelphia distinction (Cashel of Dundalk line)"
book-001/006,2026-05-11,already_done,"Existing annotation identifies Hammond, the letterhead, the spelling variant, and the Bible quotation; adding the Hammond–Hampton rupture context would over-saturate"
book-001/015,2026-05-11,annotated,"Identify Mabel as the 1960 correspondent; situate Wade Hampton II and Gov. Hammond as the family's most prominent kinsmen"
book-001/027,2026-05-11,already_done,"Enhanced page; body is dense with compiler-hand notes, caveats, and a paperclipped Huguenot-ancestry typescript — no room for further annotation"
book-001/045,2026-05-11,annotated,"Cabinet-card practice explainer; identify Nathalie Ferguson via the Barker line; note Walhalla refugee context"
book-001/087,2026-05-11,annotated,"Locate the 16 July 1862 letter just after the Seven Days / Harrison's Landing; explain the McClellan reference and the Walhalla refugee dateline"
book-001/115,2026-05-11,annotated,"Place the 16 July 1863 letter two weeks after Hampton's Gettysburg wounding; identify Genl. H. as Wade Hampton III"
book-001/160,2026-05-11,annotated,"Identify Theodore Gaillard Barker as the compiler's great-uncle; CDV format explainer; bridge to Hampton's death clipping"
book-001/161,2026-05-11,annotated,"Identify the form as Alexander's postwar regimental questionnaire; explain Hampton's Legion and Benj. J. Johnson at First Manassas"
book-001/239,2026-05-11,already_done,"Enhanced page; body is exhaustive on Theodore Barker, 1876 Hampton campaign, St. Cecilia, Carolina Rifle Club, and family voice — no obvious Phase 2 gap"
book-001/272,2026-05-11,annotated,"Situate the family group at the post-1866 Mills River reconstruction; flag Samuel Gaillard as the compiler's father"
book-001/443,2026-05-11,already_done,"Existing footnote distinguishes the two Louisas (old portraits vs. 1937 Georgia welfare director); body itself supplies the WPA/FERA social-history context"
book-001/470,2026-05-11,annotated,"Explain the 50th Aero Squadron and the Lost Battalion air-resupply context; situate W. Huger FitzSimons in the Susan Milliken Barker line"
book-002/031,2026-05-11,annotated,"Identify Minnie as the compiler's mother; situate the Hedley/Perry memorandum as the maternal counterpart to the FitzSimons genealogies; identify Judge Dunkin"
book-002/089,2026-05-11,skip,"Bare envelope; frontmatter notes already identifies sender, recipient, postmark, and links to the enclosed letter (pp. 094–096) — moving that into the body would add no value"
book-002/092,2026-05-11,skip,"Middle page of a routine maternal letter (dentist trip, prospective sale of Bingamon, household visitors); the letter is NOT cross-written despite the batch hint — verified against the scan; no Phase 2 hook"
book-002/232,2026-05-11,skip,"Routine late-1950s 'Aunt P' birthday/Easter Seals/Valentine note; unidentified signer; no historical hook"
book-003/001,2026-05-11,annotated,"Hinge moment: FitzSimons compiler's daughter marries into the McEwan line (Hunter's branch) on the eve of WWII"
book-003/015,2026-05-11,skip,"Plain ivory card front addressed 'Mr. and Mrs. Walker' with no postmark or text; no Phase 2 hook"

book-001/002,2026-05-14,already_done,"Existing annotation identifies the portraits as 19th-century likenesses and explains the photograph-of-painted-portraits practice"
book-001/003,2026-05-14,annotated,"Identify W. Huger FitzSimons as compiler; name the four surviving children as the anchors of the rest of the album; explain the Eve-Pritchard sister tie that put the FitzSimonses at The Cottage near Augusta"
book-001/004,2026-05-14,already_done,"Existing in-line editor's note already identifies Thomas FitzSimons (1741-1811) and clarifies the Charleston line descends from Cashel of Dundalk"
book-001/007,2026-05-14,already_done,"Existing italic note flags Hammond's wealth claim, the Pritchard-father discrepancy, the children-count discrepancy, the Sam-Tate-Gilly-Huger group, and the puzzling Auntrepere coinage"
book-001/008,2026-05-14,already_done,"Existing italic note bridges the page-7 continuation, identifies Susy, glosses the 'hear/near' typo, places HCH at Augusta, and explains HCH/r dictation mark"
book-001/009,2026-05-14,annotated,"Identify Henry C. Hammond as Catherine FitzSimons Hammond's grandson; place this 1932 letter eight years before the 1940 one on pp006-008; situate Aunt Ellen as the Charleston Library directress"
book-001/010,2026-05-14,annotated,"Calibrate the four-richest-men claim against Astor/Vanderbilt/Girard actuals; explain the older 'undertaker' sense of entrepreneur preserved in the interlinear correction"
book-001/011,2026-05-14,annotated,"Identify Paul (the Old Town ratoon farmer) as the emigrant's son Col. Paul, ancestor of the Georgia branch; explain ratoon cropping; cross-reference Hammond's shifting Pritchard-father name between 1932 and 1940"
book-001/012,2026-05-14,annotated,"Situate Aunt Ellen as the Charleston Library Society directress; identify Cousin Susan of Millriver as Susan Milliken Barker FitzSimons (Ellen's mother)"
book-001/013,2026-05-14,annotated,"Identify Philip Henry Eve as a Hammond-Eve grandson of Gov. James H. Hammond; disambiguate the Mount Pleasant Hobcaw from Hobcaw Barony; situate John Shaw Billings as a Hammond scion and LIFE magazine editor"
book-001/014,2026-05-14,annotated,"Identify Mabel as the 1960 Charleston-based genealogy correspondent; situate the emigrant's bachelor uncle's 1782 will (Will Book A p166, tallow chandler & soap boiler)"
book-001/016,2026-05-14,annotated,"Identify Frank Hampton as the Brandy Station casualty (9 June 1863) under Wade Hampton III; explain Brandy Station as the largest cavalry battle of the war"
book-001/017,2026-05-14,skip,"Routine closing of a 1960 personal letter — household illness updates, request for an acknowledging postal, family-circle love; no historical hook beyond what page 014's annotation already supplies"
book-001/018,2026-05-14,annotated,"Identify the Rhett house as Wade Hampton III's birthplace; situate Col. Rhett's 1718 capture of Stede Bonnet; note the 1707 fire's destruction of the Moore/Johnson predecessor"
book-001/019,2026-05-14,annotated,"Identify W. Huger FitzSimons as the 1922 typescript's compiler; note this is the more complete ten-child list (vs. p003 cursive which omits Owen)"
book-001/020,2026-05-14,annotated,"Frame the 1952 pencil addendum as Aunt Ellen's final year; pin Christopher 2nd's death date to 29 December 1832 via the age 30y 11m 19d formula"
book-001/021,2026-05-14,annotated,"Situate the 1944 Dundalk reply as the album's only direct Irish correspondence; explain why the 1798 baptismal-register start ruled out 1762 documentation; note wartime censorship context"
book-001/022,2026-05-14,already_done,"Page is densely enhanced (Cathwood, Dabacle, Interum Iterumque, Hobeau, M.A. Read transcriber note); no further annotation needed without saturating"
book-001/023,2026-05-14,annotated,"Identify the Croggan monument as the album's primary O'Callaghan source; locate Owen and Daniel O'Callaghan at the Battle of the Boyne; explain the Wild Geese / Jacobite exile context"
book-001/024,2026-05-14,annotated,"Explain Hobcaw shipyard significance (largest in colonial SC) and Paul Sr. vs. Paul Jr.; disambiguate from Hobcaw Barony; identify Mazyckborough"
book-001/025,2026-05-14,annotated,"Identify TGB as Susan Milliken Barker's brother and Amy's great-uncle; situate his Hampton's Legion role and 1876/1880 political career; pin Christopher 2nd's probate as March 1833"
book-001/026,2026-05-14,already_done,"Existing italic-bracket annotation already ties the Gaillard descent chart to the compiler (Amy as Joachim Gaillard's descendant)"
book-001/028,2026-05-14,annotated,"Identify Sam Stoney as master of Medway; Archibald Rutledge as later SC Poet Laureate; Wade Hampton III as family kinsman; George LaBruce via the FitzSimons-LaBruce line"
book-001/029,2026-05-14,annotated,"Date the 'Men Of Principle' Hampton clipping to late 1950s/1960s via Strom Thurmond; identify Wade Hampton III's family relation; flag Red Shirt paramilitary context"
book-001/030,2026-05-14,annotated,"Identify Kit as 10-year-old Christopher FitzSimons (Seaman Sinkler's son) who died at Waycross GA March 27 1898; distinguish the two Ellens (Porcher vs. FitzSimons)"
book-001/031,2026-05-14,skip,"Direct continuation of p030's letter; p030 annotation covers writer/recipient/deceased identification"
book-001/032,2026-05-14,skip,"Final page of the same May 7 1898 letter; p030 annotation covers context"
book-001/033,2026-05-14,annotated,"Identify the diagonal pencil note as Amy's own; date the letter to post-1879 via Aspen CO silver-boom reference; flag both grandmother candidates"
book-001/034,2026-05-14,skip,"Direct continuation of the p033 grandmother's letter; p033 annotation covers the context"
book-001/035,2026-05-14,already_done,"Existing end-of-body annotation identifies the Vicksburg siege and Pemberton's address — substantive Phase-2 already in place"
book-001/036,2026-05-14,skip,"Argyle June fragment with no firm identification; Miss Louisa and Miss Ellen unresolved at this point in the album"
book-001/037,2026-05-14,annotated,"Identify Sis/Ellen/Ellie via the Barker-FitzSimons line; situate Mulberry as the Stoney Cooper River plantation where TGB began rice-planting in 1874"
book-001/038,2026-05-14,skip,"Direct continuation of the p037 spread; p037 annotation covers the writer/recipient/location"
book-001/039,2026-05-14,annotated,"Frame the letter as a literary self-portrait; identify Sandeau's 'Mlle de la Seiglière', Leigh Hunt, Dante; identify Christie & Sam as Christopher (4th) and Samuel Gaillard FitzSimons Sr."
book-001/040,2026-05-14,annotated,"Identify the 'Miss FitzSimons with the singular hair' as a recurring family teasing motif suggesting a hereditary unruly forelock"
book-001/041,2026-05-14,skip,"Letter from Kate at Gippy to Susan; 'dearly loved Jim' grief and 'Chilen' unresolved at this point in the album"
book-001/042,2026-05-14,annotated,"Identify Elizabeth Porcher FitzSimons as a 40-year widow writing post-1866; the 'dear Papa' is Dr. Christopher 3rd (d. May 1866); little Ellen is the future Charleston Library directress"
book-001/043,2026-05-14,annotated,"Date the letter via the Hotel Aragon (opened 1892); fix Aunt Ellen as early-30s; cross-reference Susan's 1900 death"
book-001/044,2026-05-14,skip,"Direct continuation of the Atlanta-New Orleans trip narrative on p043; p043 annotation suffices"
book-001/046,2026-05-14,annotated,"Identify Abigail Rogers Barker's 1799 death as a yellow fever epidemic casualty; situate her as the Rogers-line entry point into the Charleston family (great-great-grandmother of Samuel Gaillard FitzSimons)"
book-001/047,2026-05-14,annotated,"Identify Ellen Milliken Barker (later Porcher) as the narrator; situate Henrietta Catherine Gaillard Barker (1774-1858) and Theodore (TGB at 25); frame the seven-page deathbed account as a 19th-c Protestant genre"
book-001/048,2026-05-14,skip,"Direct continuation of the deathbed account; p047 annotation covers the family principals"
book-001/049,2026-05-14,already_done,"Existing end-of-body annotation identifies the Vital Spark hymn (Pope's Hadrian paraphrase) and its placement at 19th-century deathbeds"
book-001/050,2026-05-14,already_done,"Existing end-of-body annotation identifies Muhlenberg's 'Like Noah's weary Dove' hymn and clarifies the Nellie/Aunt Gaillard family pet-names"
book-001/051,2026-05-14,already_done,"Enhanced-pass annotation already dates Sunday 25th to 25 July 1858 and identifies Rev. Drayton context."
book-001/052,2026-05-14,already_done,"Enhanced-pass annotation already addresses the 'Sunday 31st' date anomaly (slip for Aug 1, 1858)."
book-001/053,2026-05-14,already_done,"Enhanced-pass annotation already dates Sunday 8th to 8 Aug 1858 and identifies Drayton's Luke 21:19 text."
book-001/054,2026-05-14,already_done,"Enhanced-pass annotation already supplies Barker-Gaillard genealogy fixing the writer as Ellen Milliken Barker."
book-001/055,2026-05-14,annotated,"Identified the poem as Ethel Lynn Beers's 'All Quiet Along the Potomac Tonight' (Harper's Weekly, Nov 1861); noted the apocryphal soldier-pocket provenance."
book-001/056,2026-05-14,annotated,"Identifies the poem as Ethel Lynn Beers's 'The Picket Guard' (1861) and its Civil War provenance"
book-001/057,2026-05-14,annotated,"Places Samuel G. Barker and daughter Susan in family tree as compiler's great-grandfather and grandmother"
book-001/058,2026-05-14,skip,"Direct continuation of letter; writer/recipient context covered by surrounding annotations on 057 and 059"
book-001/059,2026-05-14,annotated,"Identifies 'Mill's Political philosophy' as J.S. Mill's Principles of Political Economy (1848) and frames the Poor Laws argument"
book-001/060,2026-05-14,annotated,"Closes 4-page letter; ties Sam'l Barker to compiler via the p082 'my great gra[nd]father' annotation"
book-001/061,2026-05-14,annotated,"Identifies writer Ellen Milliken Barker / recipient Susan Barker FitzSimons; clarifies 'Boston' as Cooper River plantation not MA"
book-001/062,2026-05-14,annotated,"Nat Fuller (c.1812-1866) Charleston caterer identification; flags enslaved-labor context at Mulberry and in the household"
book-001/063,2026-05-14,skip,"Final page of 061-063 letter; in-page key + frontmatter notes already supply needed identifications"
book-001/064,2026-05-14,annotated,"Pins Samuel G. Barker (1799-1863) writing to daughter Susan re: grandfather Thomas Milliken, Dublin-born Charleston merchant"
book-001/065,2026-05-14,annotated,"Identifies Theodore Lazarus Gourdin (1790-1866) as the Williamsburg/Berkeley planter and Gaillard-line kinsman"
book-001/066,2026-05-14,annotated,"Identified Albert Sidney Johnston; linked Shiloh; explained 'woful Sabbath' as the 6 April 1862 Sunday battle"
book-001/067,2026-05-14,skip,"Direct continuation of 066's verse; annotation on 066 covers the context"
book-001/068,2026-05-14,annotated,"Provenance: noted St. Louis Cemetery No. 1 burial and Jan 1867 Texas Legislature reinterment, dating the source inscription"
book-001/069,2026-05-14,already_done,"Enhanced-pass annotation already identifies Sam'l G. Barker, Lydia C. Gaillard, The Rocks, and the trust framework"
book-001/070,2026-05-14,already_done,"Enhanced-pass annotation already explains The Rocks plantation, the wax-seal address fold, and Lyd's family placement"
book-001/071,2026-05-14,annotated,"Explain cross-writing as 19c paper-economy practice; place Mulberry as the Stoney Cooper River plantation"
book-001/072,2026-05-14,skip,"Direct continuation of cross-hatched 071 letter; remainder indecipherable, no further hook"
book-001/073,2026-05-14,annotated,"Identify Sally Baxter Hampton, the 12 Dec 1855 wedding, Frank Hampton's Brandy Station death, and A Divided Heart source"
book-001/074,2026-05-14,skip,"Mid-letter household-economy fragment (candles, soap, weaving); Yankee context lands on 075 where the hook is annotated"
book-001/075,2026-05-14,annotated,"Situate the Yankee 'distribution' reference in the wake of Sherman's Carolinas Campaign and early Reconstruction labor relations"
book-001/076,2026-05-14,annotated,"Identified Hugh Miller (Cromarty stonemason-geologist, d. 1856) and Charles Kingsley; Wikipedia links for both."
book-001/077,2026-05-14,skip,"Direct continuation of 076; the Hugh Miller / Kingsley annotation on 076 already covers context."
book-001/078,2026-05-14,annotated,"Identified Rev. J.W. Miles and Sam'l Barker's tie to compiler; framed Shelley's Prometheus Unbound / Queen Mab."
book-001/079,2026-05-14,skip,"Direct continuation of the Miles-to-Barker letter on 078; context annotation already on 078."
book-001/080,2026-05-14,skip,"Direct continuation of the Miles-to-Barker letter on 078; context annotation already on 078."
book-001/081,2026-05-14,already_done,"Existing annotation IDs Rev. James Warley Miles + Samuel Gaillard Barker and gives Miles's career."
book-001/082,2026-05-14,already_done,"Existing annotation explains the great-grandfather pencil note and points to letter body on pp078-081."
book-001/083,2026-05-14,annotated,"Identified T. Gourdin (St. John's Berkeley / Pineville family); noted Lowcountry slavery rationalization in the family-sale passage."
book-001/084,2026-05-14,already_done,"Existing annotation already IDs Gourdin family, 1857 date, and Dukes's-landing cotton mark."
book-001/085,2026-05-14,annotated,"Located the letter ten days after Second Manassas (28-30 Aug 1862); added Pinopolis pineland-refuge context."
book-001/086,2026-05-14,annotated,"Identified Tody = Theodore Gaillard Barker; Walhalla refugeeing context; Charleston-attack anxiety in real time"
book-001/087,2026-05-14,already_done,"Enhanced-pass annotation already covers Seven Days / McClellan / Walhalla refugeeing context"
book-001/088,2026-05-14,annotated,"Identified Capt. T.G.B. as Theodore Gaillard Barker on Hampton's Brigade staff; Sam Weller / Pickwick gloss"
book-001/089,2026-05-14,skip,"Brief pencil note from Lichia Simons; no historical hook"
book-001/090,2026-05-14,annotated,"Identified six children as Christopher 2nd + Elizabeth Porcher Stoney's; Christopher 3rd = Amy's grandfather; writer's relation"
book-001/091,2026-05-14,annotated,"Cross-writing practice + Walhalla as wartime Lowcountry refugee destination context added."
book-001/092,2026-05-14,skip,"Cross-written continuation of 091; body nearly entirely illegible - no specific hook beyond what 091 covers."
book-001/093,2026-05-14,annotated,"Walhalla refugee setting and June 1864 dating (via 094's Bermuda Hundred reference) noted."
book-001/094,2026-05-14,annotated,"Bermuda Hundred Campaign link dates the letter to June 1864; Hampton Legion context."
book-001/095,2026-05-14,skip,"Cross-written Charleston letter; body almost entirely illegible - too fragmentary to anchor specific historical context."
book-001/096,2026-05-14,annotated,"Wartime context: Sullivan's Island battery, Walhalla/Winnsboro refugeeing, Union blockade and approaching Fleet"
book-001/097,2026-05-14,skip,"Heavily cross-written letter; most text illegible; no verifiable hook to annotate without speculation"
book-001/098,2026-05-14,annotated,"Identifies Peninsula Campaign route, Flat Rock as Lowcountry refuge, and period meaning of 'brain fever'"
book-001/099,2026-05-14,skip,"Routine domestic narrative (country buggy visit, sermon, children's health); no historical hook"
book-001/100,2026-05-14,annotated,"Seward identification + Trent Affair dates the 'Europe will frighten Seward' line to 1861-62"book-001/101,2026-05-15,annotated,"Walhalla refugee context; identify E.B. as Ellen Milliken Barker writing to her son William; situate the family wartime upcountry exile"
book-001/102,2026-05-15,annotated,"Identify John Bratton (6th SC, wounded Seven Pines 31 May 1862) and date the letter to early summer 1862"
book-001/103,2026-05-15,skip,"Direct continuation of pp101-104 Walhalla letter; p101/p102/p104 annotations cover writer and refugee context"
book-001/104,2026-05-15,already_done,"Existing annotation identifies E.B. as Ellen Milliken Barker and explains the wartime Walhalla refugee dateline"
book-001/105,2026-05-15,annotated,"Date the 7 July 1862 letter one week after the Seven Days Battles; identify Toby as TGB on Hampton Legion staff"
book-001/106,2026-05-15,skip,"Direct continuation of the July 7 1862 letter; lower 2/3 illegible from ink bleed-through; p105/p107/p108 cover the Seven Days context"
book-001/107,2026-05-15,annotated,"Explain Connie amputation-after-fractured-bones as standard Civil War wound treatment; situate the news-lag from Richmond to Walhalla"
book-001/108,2026-05-15,annotated,"Identify Frank Ravenel (killed 1 July 1862 Malvern Hill) and Shubrick Hayne (Gaines Mill color-bearer); date Sam letter from Vicksburg early naval phase"
book-001/109,2026-05-15,annotated,"Place the 30 Sep 1863 Greenville letter in the wider Lowcountry refugee diaspora; gloss Pine Land as the St. John Berkeley pineland retreat"
book-001/110,2026-05-15,annotated,"Confederate inflation context: 40-45 dollar ladies shoes by autumn 1863 reflects 15x 1861 price levels driving the Lowcountry refugee economy"
book-001/111,2026-05-15,annotated,"Rapidan telegraph station context (autumn 1863, pre-Bristoe Campaign); identify Mrs. Theodore as Mrs. TGB"
book-001/112,2026-05-15,annotated,"Identify the Confederate Gun-Boats as the CSN Charleston Squadron ironclads; explain the wartime parole-of-prisoners practice"
book-001/113,2026-05-15,annotated,"Identify the bride Henrietta Catherine Barker as sister of the compiler great-grandfather Samuel G. Barker; identify officiant Bishop Christopher Edwards Gadsden (newly consecrated June 1840)"
book-001/114,2026-05-15,annotated,"Frame the inlet survey by Huger and Hatch as Confederate post-Port-Royal coastal work; gloss Mr Lee School in Buncombe as the standard Lowcountry-boys NC refuge"
book-001/116,2026-05-15,already_done,"Existing annotation identifies A.F.W. as the compiler Amy FitzSimons Walker and frames the courtship-letter wrapper"
book-001/117,2026-05-15,already_done,"Existing annotation identifies writer Ellen Milliken Barker, recipient Susan, and the Christopher FitzSimons courtship context"
book-001/118,2026-05-15,skip,"Fragmentary letter to Sis on a Thomas death and Theodore pencilled note; insufficient family identification to annotate without speculation"
book-001/119,2026-05-15,already_done,"Existing annotation identifies E.B. as Ellen Milliken Barker, Uncle Sanford as Sanford Barker, and the wartime Charleston guns-and-shells context"
book-001/120,2026-05-15,already_done,"Existing annotation corrects the bride name to Christiana Constantia Broughton and identifies Sandford William Barker acquisition of South Mulberry"
book-001/121,2026-05-15,annotated,"Date the broadsheet to 1959 via Tuesday St. Patrick Day plus late-1950s appliance/TV pricing; identify Mickey Shaughnessy and tie the page to the family Cashel-of-Dundalk Irish-origins interest"
book-001/122,2026-05-15,annotated,"Date the Washington Post Sunday broadsheet to March 13 1960; situate the Irish-names map alongside p121 as a cluster of 1959-60 ephemera reflecting the compiler Irish-origins interest"
book-001/123,2026-05-15,already_done,"Existing annotation already explains the bear-vs-eagle crest discrepancy between Fox-Davies/Fairbairn typescript and the commercial color plate"
book-001/124,2026-05-15,already_done,"Existing detailed annotation already identifies Fox-Davies, Fairbairn, Harleian MSS 1441 and 5866, Papworth, and notes the bear-vs-eagle crest discrepancy with p125"
book-001/125,2026-05-15,already_done,"Existing annotation already notes the eagle-crest commercial plate diverges from the bear blazon on p124"
book-001/126,2026-05-15,skip,"Heraldic drawing of the FitzSimons crest; the body already explains the boar-and-dart motif and identifies the artist - no useful Phase 2 hook"
book-001/127,2026-05-15,annotated,"Identify Henrietta Catherine Gaillard Barker as the compiler great-great-grandmother; situate the Barker line and Theodore Gaillard Provincial Congress role"
book-001/128,2026-05-15,annotated,"Identify William Barker as Kate brother writing from Hanover County Va., and Phil as a deceased third sibling - covers letter cluster 128-130"
book-001/129,2026-05-15,skip,"Middle of 1895 William-to-Kate letter; covered by annotation at p128"
book-001/130,2026-05-15,skip,"Closing of 1895 William-to-Kate letter; covered by annotation at p128"
book-001/131,2026-05-15,skip,"Already a self-contained genealogical memorandum (Barker / Gaillard / Cordes columns); body and notes saturate the page"
book-001/132,2026-05-15,skip,"Already a dense Barker portrait sheet with a captioned blueprint pedigree chart; no Phase 2 gap"
book-001/133,2026-05-15,already_done,"Page is dominated by the Maj. Theodore G. Barker obituary itself, which exhaustively narrates Hampton Legion, Carolina Rifle Club, 1876 campaign and Reconstruction context; pp160/239 already carry the family identification"
book-001/134,2026-05-15,skip,"Duplicate clipping of the Theodore G. Barker obituary already mounted on p133; would re-cover the same ground"
book-001/135,2026-05-15,annotated,"Date the Charleston 1 Jun 1917 paper to the Barker obituary issue and situate the Petrograd/Kronstadt dispatch between the February and October Revolutions of 1917"
book-001/136,2026-05-15,annotated,"Open the 1874 letter cluster: identify the dying mother as Ellen Milliken Barker (compiler great-grandmother), the writer as Susan Milliken Barker, the addressee as Ellen Milliken Barker Porcher, and Tody as Theodore Gaillard Barker"
book-001/137,2026-05-15,skip,"Continuation of the 1874 Susan-Barker letter on her mother death; introductory annotation at p136 covers the cluster"
book-001/138,2026-05-15,skip,"Continuation of the 1874 letter cluster; introductory annotation at p136 covers it"
book-001/139,2026-05-15,skip,"Continuation of the 1874 letter cluster; covered by p136 annotation"
book-001/140,2026-05-15,skip,"Continuation of the 1874 letter cluster; covered by p136 annotation"
book-001/141,2026-05-15,skip,"Continuation of the 1874 letter cluster; covered by p136 annotation"
book-001/142,2026-05-15,skip,"End of first 1874 letter and start of second (17 June) - same writer, addressee, and event already framed by p136 annotation"
book-001/143,2026-05-15,skip,"Continuation of the 1874 letter cluster; covered by p136 annotation"
book-001/144,2026-05-15,skip,"Continuation of the 1874 letter cluster; covered by p136 annotation"
book-001/145,2026-05-15,skip,"Continuation of the 1874 letter cluster; covered by p136 annotation"
book-001/146,2026-05-15,skip,"Continuation of the 1874 letter cluster; covered by p136 annotation"
book-001/147,2026-05-15,skip,"Continuation of the 1874 letter cluster; covered by p136 annotation"
book-001/148,2026-05-15,skip,"Continuation of the 1874 letter cluster (end of first letter, start of second); covered by p136 annotation"
book-001/149,2026-05-15,skip,"Continuation of the 17 June 1874 letter; covered by p136 annotation"
book-001/150,2026-05-15,skip,"Continuation of the 17 June 1874 letter; covered by p136 annotation"
book-001/151,2026-05-15,annotated,"Anchor the 1874 Barker mourning cluster: identify Mother (Ellen Milliken Barker), writer (Susan Milliken Barker FitzSimons), Sis (Ellen Milliken Barker Porcher), Tody (TGB)"
book-001/152,2026-05-15,skip,"Direct continuation of 1874 Barker mourning cluster; p151 annotation supplies the principals"
book-001/153,2026-05-15,skip,"Direct continuation of 1874 Barker mourning cluster; p151 annotation supplies the principals"
book-001/154,2026-05-15,annotated,"Magnolia Cemetery (Charleston, 1850) situating context for Mother burial"
book-001/155,2026-05-15,already_done,"Existing notes field already supplies the writer (Ellen Porcher), recipient (Susan), little Ellen as Susan daughter, and the brooch/hair-mourning context"
book-001/156,2026-05-15,skip,"Direct continuation of 1874 Barker mourning cluster; principals covered by p151 and p155"
book-001/157,2026-05-15,skip,"End of one letter and start of new 1874 Barker mourning letter; principals already covered by the cluster anchor on p151"
book-001/158,2026-05-15,skip,"Direct continuation of the 1874 Barker mourning letter started on p157"
book-001/159,2026-05-15,skip,"Closing of the 1874 Barker mourning letter (Whittier Gone verse); existing notes field already identifies the source poem"
book-001/162,2026-05-15,annotated,"Identify writer Gaillard S. FitzSimons as TGB nephew (Susan son); situate Mulberry as TGB post-1874 Cooper River rice plantation now being sold at age 77"
book-001/163,2026-05-15,skip,"Direct continuation of the 1909 Spartanburg Oil Mill letter on p162; principals covered there"
book-001/164,2026-05-15,skip,"Printed Christmas card Nativity image (William Glashy); no family or historical hook"
book-001/165,2026-05-15,skip,"Christmas card interior signed Mary Fuller Hall - unidentified correspondent, no Phase 2 hook"
book-001/166,2026-05-15,skip,"Christmas card front photograph of Tipperary Foxhounds at Cashel; no text - annotation lives on p167 interior"
book-001/167,2026-05-15,annotated,"Identify the Rock of Cashel; note coincidence with the family forename Cashel FitzSimons (Christopher the emigrant father)"
book-001/168,2026-05-15,annotated,"Identify Brookland as TGB and Louisa Preston King Hendersonville home; situate Ellen Barker (d. 1957) as the last of the Barker name; note St. Philip parish context"
book-001/169,2026-05-15,annotated,"Frame the Barker v. FitzSimons cover sheet as a friendly partition suit over the Milliken/Mulberry estate, not adversarial litigation"
book-001/170,2026-05-15,skip,"Routine 8th-grade Asheville City Schools report card for Ellen Barker; no historical hook beyond what context exists on neighbouring p168 obituary"
book-001/171,2026-05-15,annotated,"Identify Thomas M. Barker as Susan FitzSimons brother; situate Columbia and Greenville RR in post-Reconstruction SC commerce"
book-001/172,2026-05-15,annotated,"Anchor the Barker v. FitzSimons complaint as a partition action filed by TGB against his siblings to divide John B. Milliken 1889 estate (Mulberry, Castle Ruin, Ellery tracts); explain Joe Joiner tenant interest"
book-001/173,2026-05-15,skip,"Direct continuation of the Barker v. FitzSimons complaint; p172 annotation supplies context"
book-001/174,2026-05-15,skip,"Direct continuation of the Barker v. FitzSimons complaint; p172 annotation supplies context"
book-001/175,2026-05-15,skip,"Direct continuation of the Barker v. FitzSimons complaint; p172 annotation supplies context"
book-001/176,2026-05-15,skip,"Direct continuation of legal complaint cluster (172-178); p177 annotation will frame the suit for the cluster"
book-001/177,2026-05-15,annotated,"Identify TGB as Hampton Legion adjutant plus Charleston attorney; explain the suit as a routine partition action against TGB own FitzSimons nieces/siblings (Susan FitzSimons = the compiler grandmother; W. Huger FitzSimons = notary plus defendant son)"
book-001/178,2026-05-15,skip,"Pre-printed summons form; final page of the legal complaint cluster - p177 annotation covers the cluster"
book-001/179,2026-05-15,already_done,"Existing italic-bracket annotation identifies Aunt Ellen Porcher, the addressee (the Asheville teacher), and the bifolium reading order"
book-001/180,2026-05-15,already_done,"Existing italic-bracket annotation identifies old Toto as Theodore Stoney FitzSimons, Gillie as Gaillard S. FitzSimons, and locates Brookland plus Argyle"
book-001/181,2026-05-15,skip,"Opening plus closing leaves of TGB 1900 vacation-harangue letter to niece Ellen; notes field already identifies bridegroom/recipient/venues; no historical hook beyond what 179/180 annotations supply"
book-001/182,2026-05-15,already_done,"Existing italic-bracket annotation identifies John and Louisa FitzSimons, Argyle as Mitchell-King home, and glosses the Key-basket as 19th-c. household keys"
book-001/183,2026-05-15,skip,"Collage page; existing in-line italic annotation already identifies Mrs. Thomas Porcher as Ellen Milliken Barker and the Montford School photograph context"
book-001/184,2026-05-15,skip,"Generic Burke Heraldry typescript on Barker arms; no SC-specific or family hook"
book-001/185,2026-05-15,annotated,"Date the Jockey Club / Washington Race Course bequest to 1899 (when SCJC dissolved); identify the William Washington Race Course as today Hampton Park; cross-reference Ellen FitzSimons directorship"
book-001/186,2026-05-15,skip,"Closing fragment of a Ruth narrative; protagonist unidentified; no verifiable historical hook"
book-001/187,2026-05-15,annotated,"Identify the wedding letter cluster across pp187-196 as TGB x Louisa Preston King (Judge Mitchell King daughter, 1834-1920); document the bound-out-of-order page sequence; gloss Kerrison as the leading King St. dry-goods house"
book-001/188,2026-05-15,skip,"Direct continuation of the wedding letter to Kate; p187 annotation covers the entire cluster"
book-001/189,2026-05-15,skip,"Direct continuation of the wedding letter (letter-pages 2-3); p187 annotation covers"
book-001/190,2026-05-15,skip,"Direct continuation of the wedding letter (letter-pages 9-10); p187 annotation covers"
book-001/191,2026-05-15,skip,"Continuation of wedding letter plus opening of a parallel letter to Mary; bridegroom identification (T.G.B. plus L.P.K.) already explicit in the notes field; p187 annotation covers cluster"
book-001/192,2026-05-15,skip,"Continuation of the wedding letter (letter-pages 11-12); p187 annotation covers"
book-001/193,2026-05-15,skip,"Continuation of the wedding letter (letter-pages 5+8 reverse-bound); p187 annotation covers"
book-001/194,2026-05-15,skip,"Continuation of the wedding letter (letter-pages 6-7); p187 annotation covers"
book-001/195,2026-05-15,skip,"Continuation of the wedding letter; p187 annotation covers"
book-001/196,2026-05-15,skip,"Penultimate body pages of the wedding letter; p187 annotation covers"
book-001/197,2026-05-15,annotated,"Locate the Mulberry Thursday letter at Mulberry Plantation in St. John Berkeley; identify Dear Tho. as Theodore Gaillard Barker by household plus venue inference"
book-001/198,2026-05-15,skip,"Direct continuation of the Mulberry Thursday letter; p197 annotation covers"
book-001/199,2026-05-15,skip,"1872 letter to Mary; Tote and Tom are not clearly identifiable against the family tree (Theodore Stoney FitzSimons was only 14 in 1872 with no children yet), and the letter content is routine family news"
book-001/200,2026-05-15,skip,"Direct continuation of the 8 June 1872 letter; no new historical hook"
book-001/201,2026-05-15,skip,"Middle page of 1872 E.P. letter; routine social news (Dr. Huger horse, Bunny Huger marriage to Carrere); no historical hook beyond personal"
book-001/202,2026-05-15,skip,"Final page of same 1872 letter (signed E.P.); routine close - wedding decorations, Mrs. Calder, Kate with Tote baby; signer identity uncertain, no safe annotation"
book-001/203,2026-05-15,skip,"Opening of Dec 16 1877 letter to Mary; body and notes already identify Tody (TGB) and Louisa Preston King; no additional Phase 2 hook"
book-001/204,2026-05-15,annotated,"Situate the 1877 lowest radicals to judgeships - a black man to the principal one aside in the Reconstruction context; identify Tody as Theodore Gaillard Barker practicing in Columbia courts"
book-001/205,2026-05-15,annotated,"Identify Gaillie (Gaillard Stoney FitzSimons, b. ~1863) as a son of Dr. Christopher 3rd plus Susan Milliken Barker and uncle (not father) of the compiler; situate the Nov 1876 Reconstruction household"
book-001/206,2026-05-15,skip,"Direct continuation of Nov 22 1876 letter; p205 annotation covers Gaillie identification and the postwar context"
book-001/207,2026-05-15,skip,"Continuation of 1876 letter (Theodore school, Lucy wedding prep); routine personal news, p205 annotation covers"
book-001/208,2026-05-15,skip,"Continuation of 1876 letter (wedding cake, Florida honeymoon, Huger family); routine personal news, p205 annotation covers"
book-001/209,2026-05-15,annotated,"Clarify the 1872 letter Aunt Ellen is the elder Ellen Milliken Barker Porcher (1807-1874), NOT Ellen Milliken FitzSimons (only 10 in 1872); flag that the Amy praised for piano cannot be the compiler (b. 1888)"
book-001/210,2026-05-15,skip,"Direct continuation of the 1872 letter; p209 annotation already supplies the writer-identity clarification"
book-001/211,2026-05-15,skip,"Continuation of the 1872 letter (page numbered 3 by writer); covered by p209 annotation"
book-001/212,2026-05-15,skip,"Closing page of the 1872 letter signed Your aff Aunt Ellen; covered by p209 annotation"
book-001/213,2026-05-15,already_done,"Existing italic-bracket annotation identifies Minnie F.S. Alston, Thomas Milliken parental line (Susan/Ellen Milliken), and explains the protested-note device"
book-001/214,2026-05-15,already_done,"Frontmatter notes and body cross-references already pin the document chain (pp213/215/216/218), Bee/Hayne names, and the spelling-variant discussion"
book-001/215,2026-05-15,annotated,"Identify Barnard E. Bee Sr. as the Charleston-to-Pendleton merchant who relocated in 1833 and later to Texas; link his son Barnard Elliott Bee Jr. as the Stonewall coiner at First Manassas"
book-001/216,2026-05-15,skip,"Narrow back-panel strip of the folded Notary Protest - trivial endorsement and signature only; no historical hook"
book-001/217,2026-05-15,skip,"Second view of the same Notary Protest from p215; p215 annotation already supplies the Bee historical context"
book-001/218,2026-05-15,skip,"Duplicate scan of the back-panel strip (same as p216); trivial"
book-001/219,2026-05-15,annotated,"Add Wikipedia-anchored Mulberry Plantation description (Thomas Broughton, c. 1711-14, Cooper River, oldest exposed-brick manor in the Carolinas, NRHP)"
book-001/220,2026-05-15,skip,"Pure handwritten Milliken family-tree genealogy data; notes and body already cross-reference companion p222; no historical hook for Phase 2"
book-001/221,2026-05-15,skip,"Bare pencilled list of Milliken siblings with dates; companion to p220; pure data, no narrative hook"
book-001/222,2026-05-15,skip,"Memorandum p1 on Thomas Milliken of Charleston - pure family-data, notes already pin Kirkcudbright/Belfast origins and the parallel inscription on p223"
book-001/223,2026-05-15,skip,"Memorandum p2 with Eleanor Milliken inscription and a candid write Willie Gaillard at Eutawville note; pure data continuation"
book-001/224,2026-05-15,skip,"Tombstone inscription continuation for Susanna and Edward Milliken (Belfast natives); pure data, the body already queries the seven-sons puzzle"
book-001/225,2026-05-15,skip,"Blank page with two pencilled subtraction sums (1844-62=1782; 1837-24=1813); no text to annotate"
book-001/226,2026-05-15,annotated,"Mulberry Plantation context: oldest exposed-brick manor in the Carolinas/Georgia (Broughton 1714); Milliken-Barker-FitzSimons descent chain; St. Cecilia Society 1766 founding"
book-001/227,2026-05-15,skip,"Bare 1962 envelope addressed to Mrs. J. P. Walker; postmark and Mental Health Association cancellation already in frontmatter; no historical hook"
book-001/228,2026-05-15,annotated,"Identify writer as Margaret Rhett Martin (1891-1982), author of the 1963 USC Press Charleston Ghosts; anchor the 228-232 letter cluster"
book-001/229,2026-05-15,skip,"Direct continuation of the Martin letter; p228 annotation covers the writer and Charleston Ghosts framing"
book-001/230,2026-05-15,annotated,"Identify the Francis Simmons / Lowndes two versions as Martin Fateful Handkerchief story (Francis Simmons 1762-1841, Stono planter)"
book-001/231,2026-05-15,skip,"Closing of the Martin letter; p228/p230 annotations cover the writer and the ghost-story background"
book-001/232,2026-05-15,skip,"Brief Margaret M. cover note enclosing the story; covered by p228 and p230 annotations"
book-001/233,2026-05-15,skip,"Dense Mulberry-brochure page; existing notes and the brochure itself already supply Lt. Gov. Broughton 1714 context; p226 annotation covers the chain of ownership"
book-001/234,2026-05-15,annotated,"Identify Rose Pringle Ravenel (1850-1943) of 13 East Battery, author of Charleston Recollections and Receipts; situate her childhood Mulberry visits in the late 1850s Milliken household"
book-001/235,2026-05-15,annotated,"Frame the 1917 letter as the executor-phase reckoning eight months after TGB death; identify Aunt Louisa, Brookland, and the FitzSimons brothers Tote and Gaillie"
book-001/236,2026-05-15,annotated,"Pin the three FitzSimons WWI deployments to early September 1917: Sam in France with Signal Corps Aviation Section, James C. at Camp Mills with 117th Engineers, Huger Jr. in officer training at Chattanooga"
book-001/237,2026-05-15,skip,"Existing detailed notes field already identifies TGB, Ellen M. FitzSimons, Thomas Milliken, the Castle Ruin tract, and the partition-suit cross-reference to pp172-177"
book-001/238,2026-05-15,skip,"Direct continuation of the TGB-to-Ellen Milliken-estate letter on p237; existing notes field covers the principals and the Gourdin/McBride bond context"
book-001/240,2026-05-15,annotated,"Carolina Rifle Club (30 July 1869) as prototype for the Red Shirt paramilitary clubs that overthrew SC Reconstruction in 1876; flag the album candid admission about the workaround for Military Government"
book-001/241,2026-05-15,skip,"Page 1 of the 1918 FitzSimons-Howe-to-Stepp Hendersonville indenture; routine legal description, no historical hook beyond what frontmatter supplies"
book-001/242,2026-05-15,skip,"Page 2 of the same 1918 indenture (notarial acknowledgments); covered by frontmatter notes"
book-001/243,2026-05-15,skip,"Blank Clerk-of-Court verso form for the same 1918 indenture; no Phase 2 hook"
book-001/244,2026-05-15,annotated,"Identify Lt. Gov. Thomas Broughton (d. 1737, builder of Mulberry 1714) as the named ghost, and Rose Pringle Ravenel as the most likely Rosa narrator"
book-001/245,2026-05-15,skip,"Blank verso of the 1918 indenture with pencilled E.M.F.S. docket; covered by frontmatter notes"
book-001/246,2026-05-15,skip,"Mostly blank envelope wrapper introducing the Aunt Ellen Porcher letter cluster; existing in-body caption already names writer, recipients, and the William Huger FitzSimons-birth context"
book-001/247,2026-05-15,skip,"Compiler pencilled note on Hedrick Street letterhead already supplies cluster framing and Gen. W. Huger naming context"
book-001/248,2026-05-15,skip,"Continuation of the compiler pencilled note; the embedded editor note already identifies Dr. Christopher FitzSimons (3rd) and cross-references pp277-279"
book-001/249,2026-05-15,annotated,"Frame the December 1860 child Gullah byplay about Maria as a glimpse of the antebellum Lowcountry slave-household on the eve of secession"
book-001/250,2026-05-15,skip,"Brief 7-line typed close of the same Porcher letter; p249 annotation covers the cluster"
book-001/251,2026-05-15,annotated,"Identify the signer as Aunt Ellen Porcher; tie to the White Hall letter cluster on pp247-250 and 264-270"
book-001/252,2026-05-15,annotated,"Identify the cornerstone as the 2 July 1896 Jefferson Davis Monument cornerstone in Richmond Monroe Park"
book-001/253,2026-05-15,skip,"Signed continuation of the May 8 1896 Hampton letter to Barker; p252 annotation supplies the historical context"
book-001/254,2026-05-15,annotated,"Link the pencilled She died on 29th to the deathbed-account letter on pp261-263 to fix the year as 1853; gloss Sullivan Island/Moultrie House"
book-001/255,2026-05-15,skip,"Direct continuation of the 5 July 1853 Sullivan Island letter; p254 annotation covers"
book-001/256,2026-05-15,annotated,"Identify Mrs. Aiken as Harriet Lowndes Aiken (William Aiken Jr. of the Aiken-Rhett house) and gloss Lady Sneerwell in Sheridan School for Scandal"
book-001/257,2026-05-15,annotated,"Identify Mr. Petigru as James Louis Petigru, Charleston leading antebellum Unionist"
book-001/258,2026-05-15,annotated,"Identify Mrs. Gregg as wife of William Gregg, founder of Graniteville Manufacturing Company"
book-001/259,2026-05-15,annotated,"Identify Gov. Manning as John L. Manning, SC governor 1852-54, confirming the July 1853 dating"
book-001/260,2026-05-15,annotated,"Anchor the White Hall letter cluster: nine days before SC secession; identify writer as Aunt Ellen Porcher; flag the civil-war premonition line"
book-001/261,2026-05-15,annotated,"Tie the sister death July 29 at the Island deathbed account to the 5 July 1853 Sullivan Island letter writer via the compiler pencilled note on p254"
book-001/262,2026-05-15,skip,"Direct continuation of the deathbed-account letter; p261 annotation covers the cluster"
book-001/263,2026-05-15,annotated,"Flag the Mrs. Northrop / Catholic priest deathbed-baptism scene as a representative mid-19th-c Charleston Protestant-Catholic confessional drama"
book-001/264,2026-05-15,skip,"Direct continuation of the White Hall typed-letter cluster; p260 annotation covers"
book-001/265,2026-05-15,skip,"Direct continuation of the White Hall typed-letter cluster; p260 annotation covers"
book-001/266,2026-05-15,skip,"Direct continuation of the White Hall typed-letter cluster; p260 annotation covers"
book-001/267,2026-05-15,annotated,"Place the Jan 3 1861 letter two weeks after SC secession, three months before Fort Sumter; flag the secession-winter suspended-time hook"
book-001/268,2026-05-15,skip,"Direct continuation of the Jan 13 1861 letter; p260/p267 cover the cluster"
book-001/269,2026-05-15,annotated,"Flag the 20 Jan 1861 I do not get at all reconciled to being a soldier wife line - Thomas Porcher already mobilized three months before Fort Sumter"
book-001/270,2026-05-15,skip,"Direct continuation of the Jan 20 1861 letter; p269 covers"
book-001/271,2026-05-15,annotated,"Identify this as the compiler grandparental tree; pin Dr. Christopher 3rd death to the 17 May 1866 Moss Grove tornado per the pencilled 1866 correction"
book-001/273,2026-05-15,skip,"Mid-eulogy continuation of T.G.B. eulogy of Dr. Christopher 3rd; opening leaf is on p276 outside this batch"
book-001/274,2026-05-15,skip,"Lower-strip continuation of the T.G.B. eulogy of Dr. Christopher 3rd; opening leaf is on p276 outside this batch"
book-001/275,2026-05-15,annotated,"Cover sheet for the multi-page Dr. Christopher 3rd eulogy bundle (W. Huger FitzSimons + T.G.B. + Wade Hampton tribute) bound out of order across pp273-278"
book-001/276,2026-05-15,annotated,"Identify the deceased as Dr. Christopher FitzSimons 3rd (Amy grandfather); identify T.G.B. as brother-in-law Theodore Gaillard Barker, Hampton Legion adjutant"
book-001/277,2026-05-15,skip,"Direct continuation of T.G.B. eulogy; page 276 annotation covers writer/subject identification"
book-001/278,2026-05-15,annotated,"Brief gloss on the falling house reference - the Moss Grove tornado of 17 May 1866 and the role of his childhood polio in his death"
book-001/279,2026-05-15,already_done,"Page is saturated with handwritten notes, Courier obituary, inline editorial Bolton-river caveat, and family-voice closing; frontmatter notes already exhaustive"
book-001/280,2026-05-15,annotated,"Add Flat Rock yellow-fever-refuge context; identify the Carolina Military Institute (Col. J. P. Thomas, Charlotte 1873-1882) with Wikipedia link"
book-001/281,2026-05-15,skip,"Frontmatter notes already identify all five mounted items (Osbornes, Theodore L. King 1876 deed, Grannie FitzSimons portrait, two compiler envelope labels) and the Mills River farm connection"
book-001/282,2026-05-15,skip,"Routine 1945 condolence letter from T. E. Osborne to Aunt Ellen; frontmatter notes already identify writer, recipient, and the family-tenant relationship"
book-001/283,2026-05-15,skip,"Page 1 of Susan FitzSimons-to-Osborne family letter; notes identify all parties; routine personal/household content"
book-001/284,2026-05-15,skip,"Page 2 of the same Susan-to-Osborne letter; direct continuation"
book-001/285,2026-05-15,skip,"Page 3 of the same Susan-to-Osborne letter; direct continuation"
book-001/286,2026-05-15,skip,"Page 4 of the same Susan-to-Osborne letter; signature page; direct continuation with existing closing note"
book-001/287,2026-05-15,skip,"1918 W. Huger FitzSimons typed letter on Mills River farm sale; frontmatter notes already exhaustive on transaction, parties, dollar figures, and family voice"
book-001/288,2026-05-15,skip,"1918 W. Huger letter to Osborne with sale terms; frontmatter notes already cover full transaction context"
book-001/289,2026-05-15,skip,"Verso of warranty deed - pure Georgia notarial acknowledgment form; no historical hook"
book-001/290,2026-05-15,skip,"Warranty deed form for the 1876 Mills River farm purchase; frontmatter notes already cover the transaction"
book-001/291,2026-05-15,annotated,"Identify C. FitzSimons Allison (b. 1927) with Wikipedia link, note 1980 coadjutor consecration, succession of Gray Temple, and Anglican-realignment afterlife"
book-001/292,2026-05-15,skip,"Routine investiture program participants list; no historical hook beyond Allison himself (annotated on p291)"
book-001/293,2026-05-15,annotated,"Date the Ruth Lowndes / Francis Simmons marriage to 17 Nov 1796; identify the celibate bridegroom Charleston legend and Margaret Rhett Taylor as a 1950s Charleston society columnist; clarify the article war as the Revolution not the Civil War"
book-001/294,2026-05-15,annotated,"Identify Allison FitzSimons kinship as the reason for preservation; situate the 21-year gap from Gray Temple 1961 consecration"
book-001/295,2026-05-15,skip,"Continuation of Allison article plus weather/almanac/real estate ad; p294 annotation covers Allison context"
book-001/296,2026-05-15,skip,"Routine liturgical service-order opening pages (prelude music, opening rubrics); no historical hook"
book-001/297,2026-05-15,skip,"Old Hundredth Psalm hymn and Bishop petition; routine printed liturgy"
book-001/298,2026-05-15,skip,"Standard Episcopal Litany of Intercession from the BCP; routine printed liturgy"
book-001/299,2026-05-15,skip,"Hymn at the procession, lesson assignments, gospel reference; routine printed liturgy"
book-001/300,2026-05-15,skip,"Sermon, Nicene Creed, examination questions, opening of Investiture; routine printed liturgy"
